filepath,caption
covid-chestxray-dataset/images/1-s2.0-S2214250920300834-gr1_lrg-b.png,multifocal lung consolidations from coronavirus infection
covid-chestxray-dataset/images/1-s2.0-S1684118220300682-main.pdf-003-b1.png,bilateral ground-glass opacities consistent with viral pneumonia
covid-chestxray-dataset/images/441c9cdd.jpg,abnormal lung opacity typical of SARS-CoV-2 pneumonia
covid-chestxray-dataset/images/covid-19-infection-exclusive-gastrointestinal-symptoms-pa.png,viral pneumonia pattern with peripheral distribution
covid-chestxray-dataset/images/82a78c13.jpg,bilateral ground-glass opacities consistent with viral pneumonia
covid-chestxray-dataset/images/be835db3a56b5f76d607061dbb82a5_jumbo.jpeg,radiograph demonstrating COVID-19 lung involvement
covid-chestxray-dataset/images/cb706009.jpg,viral pneumonia pattern with peripheral distribution
covid-chestxray-dataset/images/16745_5_2.png,multifocal lung consolidations from coronavirus infection
covid-chestxray-dataset/images/tpmd200203f2-c.png,viral pneumonia pattern with peripheral distribution
covid-chestxray-dataset/images/40779_2020_233_Fig2_HTML-a.png,chest radiograph with COVID-19 related pulmonary infiltrates
covid-chestxray-dataset/images/article_river_de7471906e0011eabe5f9363acaf45c4-covid-cxr-2.png,radiograph demonstrating COVID-19 lung involvement
covid-chestxray-dataset/images/all14238-fig-0001-m-b.jpg,multifocal lung consolidations from coronavirus infection
covid-chestxray-dataset/images/covid-19-caso-86-RX-Torace-2.jpg,abnormal lung opacity typical of SARS-CoV-2 pneumonia
covid-chestxray-dataset/images/16892_2_1.png,pulmonary findings compatible with coronavirus disease
covid-chestxray-dataset/images/16858_1_1.png,viral pneumonia pattern with peripheral distribution
covid-chestxray-dataset/images/covid-19-pneumonia-23-day9.jpg,chest radiograph with COVID-19 related pulmonary infiltrates
covid-chestxray-dataset/images/covid-19-pneumonia-22-day2-pa.png,radiograph demonstrating COVID-19 lung involvement
covid-chestxray-dataset/images/5CBC2E94-D358-401E-8928-965CCD965C5C.jpeg,pulmonary findings compatible with coronavirus disease
covid-chestxray-dataset/images/post-intubuation-pneumomediastium-and-pneumothorax-background-covid-19-pneumonia-day6-1.jpg,radiograph demonstrating COVID-19 lung involvement
covid-chestxray-dataset/images/covid-19-pneumonia-93.png,abnormal lung opacity typical of SARS-CoV-2 pneumonia
covid-chestxray-dataset/images/figure1-5e7c1b8d98c29ab001275405-98.jpeg,chest radiograph with COVID-19 related pulmonary infiltrates
covid-chestxray-dataset/images/nCoV-radiol.2020200269.fig1-day7.jpeg,chest x-ray showing COVID-19 pneumonia
covid-chestxray-dataset/images/covid-19-pneumonia-19.jpg,multifocal lung consolidations from coronavirus infection
covid-chestxray-dataset/images/1-s2.0-S1684118220300372-gr1_lrg-b.png,pulmonary findings compatible with coronavirus disease
covid-chestxray-dataset/images/da9e9aac-de8c-44c7-ba57-e7cc8e4caaba.annot.original.jpeg,viral pneumonia pattern with peripheral distribution
covid-chestxray-dataset/images/FE9F9A5D-2830-46F9-851B-1FF4534959BE.jpeg,radiograph demonstrating COVID-19 lung involvement
covid-chestxray-dataset/images/covid-19-pneumonia-44-day-8.jpeg,radiograph demonstrating COVID-19 lung involvement
covid-chestxray-dataset/images/d009d61f.jpg,abnormal lung opacity typical of SARS-CoV-2 pneumonia
covid-chestxray-dataset/images/covid-19-pneumonia-rapidly-progressive-3-days.jpg,radiograph demonstrating COVID-19 lung involvement
covid-chestxray-dataset/images/radiol.2020201160.fig2c.jpeg,radiograph demonstrating COVID-19 lung involvement
covid-chestxray-dataset/images/9fdd3c3032296fd04d2cad5d9070d4_jumbo.jpeg,pulmonary findings compatible with coronavirus disease
covid-chestxray-dataset/images/5782ae15.jpg,pulmonary findings compatible with coronavirus disease
covid-chestxray-dataset/images/35AF5C3B-D04D-4B4B-92B7-CB1F67D83085.jpeg,chest radiograph with COVID-19 related pulmonary infiltrates
covid-chestxray-dataset/images/c3829ecb.jpg,bilateral ground-glass opacities consistent with viral pneumonia
covid-chestxray-dataset/images/78b60346d1b3bce85353b6dc462d75_jumbo.jpeg,chest radiograph with COVID-19 related pulmonary infiltrates
covid-chestxray-dataset/images/1.CXRCTThoraximagesofCOVID-19fromSingapore.pdf-002-fig3b.png,chest x-ray showing COVID-19 pneumonia
covid-chestxray-dataset/images/4c0fcf57.jpg,abnormal lung opacity typical of SARS-CoV-2 pneumonia
covid-chestxray-dataset/images/7afaaccc.jpg,multifocal lung consolidations from coronavirus infection
covid-chestxray-dataset/images/1-s2.0-S1931312820301852-gr1_lrg-b.png,abnormal lung opacity typical of SARS-CoV-2 pneumonia
covid-chestxray-dataset/images/D5ACAA93-C779-4E22-ADFA-6A220489F840.jpeg,chest radiograph with COVID-19 related pulmonary infiltrates
covid-chestxray-dataset/images/covid-19-pneumonia-20-pa-on-admission.jpg,multifocal lung consolidations from coronavirus infection
covid-chestxray-dataset/images/nejmoa2001017_f1-a.png,abnormal lung opacity typical of SARS-CoV-2 pneumonia
covid-chestxray-dataset/images/10.1016-slash-j.healun.2020.04.004.jpg,abnormal lung opacity typical of SARS-CoV-2 pneumonia
covid-chestxray-dataset/images/6CB4EFC6-68FA-4CD5-940C-BEFA8DAFE9A7.jpeg,chest x-ray showing COVID-19 pneumonia
covid-chestxray-dataset/images/16745_5_3.png,radiograph demonstrating COVID-19 lung involvement
covid-chestxray-dataset/images/23E99E2E-447C-46E5-8EB2-D35D12473C39.png,pulmonary findings compatible with coronavirus disease
covid-chestxray-dataset/images/a8ef731d274b273f1526d8d0ffbe3b_jumbo.jpeg,chest radiograph with COVID-19 related pulmonary infiltrates
covid-chestxray-dataset/images/gr2_lrg-a.png,pulmonary findings compatible with coronavirus disease
covid-chestxray-dataset/images/nejmoa2001191_f5-PA.jpeg,chest radiograph with COVID-19 related pulmonary infiltrates
covid-chestxray-dataset/images/covid-19-pneumonia-30-PA.jpg,bilateral ground-glass opacities consistent with viral pneumonia
covid-chestxray-dataset/images/3b66f98f30636b2e1fb42c1d0f18a8_jumbo.jpeg,pulmonary findings compatible with coronavirus disease
covid-chestxray-dataset/images/1-s2.0-S1684118220300608-main.pdf-001.jpg,viral pneumonia pattern with peripheral distribution
covid-chestxray-dataset/images/16630_3_1.jpg,multifocal lung consolidations from coronavirus infection
covid-chestxray-dataset/images/d9d6ca9a.jpg,radiograph demonstrating COVID-19 lung involvement
covid-chestxray-dataset/images/1-s2.0-S0929664620300449-gr3_lrg-b.jpg,viral pneumonia pattern with peripheral distribution
covid-chestxray-dataset/images/ajr.20.23034.pdf-003.png,abnormal lung opacity typical of SARS-CoV-2 pneumonia
covid-chestxray-dataset/images/16631_1_3.jpg,viral pneumonia pattern with peripheral distribution
covid-chestxray-dataset/images/41379_2020_536_Fig2_HTML-c1.png,radiograph demonstrating COVID-19 lung involvement
covid-chestxray-dataset/images/auntminnie-a-2020_01_28_23_51_6665_2020_01_28_Vietnam_coronavirus.jpeg,bilateral ground-glass opacities consistent with viral pneumonia
covid-chestxray-dataset/images/nejmoa2001191_f1-L.jpeg,bilateral ground-glass opacities consistent with viral pneumonia
covid-chestxray-dataset/images/16689_1_1.jpg,chest x-ray showing COVID-19 pneumonia
covid-chestxray-dataset/images/jkms-35-e79-g001-l-a.jpg,radiograph demonstrating COVID-19 lung involvement
covid-chestxray-dataset/images/19073f37.jpg,chest x-ray showing COVID-19 pneumonia
covid-chestxray-dataset/images/16663_1_2.jpg,chest x-ray showing COVID-19 pneumonia
covid-chestxray-dataset/images/6C94A287-C059-46A0-8600-AFB95F4727B7.jpeg,bilateral ground-glass opacities consistent with viral pneumonia
covid-chestxray-dataset/images/1.CXRCTThoraximagesofCOVID-19fromSingapore.pdf-000-fig1a.png,bilateral ground-glass opacities consistent with viral pneumonia
covid-chestxray-dataset/images/1-s2.0-S1684118220300608-main.pdf-002.jpg,chest radiograph with COVID-19 related pulmonary infiltrates
covid-chestxray-dataset/images/16953_1_1.jpg,bilateral ground-glass opacities consistent with viral pneumonia
covid-chestxray-dataset/images/radiol.2020201160.fig3b.jpeg,pulmonary findings compatible with coronavirus disease
covid-chestxray-dataset/images/covid-19-pneumonia-23-day1.jpg,abnormal lung opacity typical of SARS-CoV-2 pneumonia
covid-chestxray-dataset/images/ryct.2020200034.fig5-day0.jpeg,pulmonary findings compatible with coronavirus disease
covid-chestxray-dataset/images/covid-19-pneumonia-24-day12.jpg,chest x-ray showing COVID-19 pneumonia
covid-chestxray-dataset/images/e1a4f870.jpg,bilateral ground-glass opacities consistent with viral pneumonia
covid-chestxray-dataset/images/covid-19-caso-91-1-12.png,radiograph demonstrating COVID-19 lung involvement
covid-chestxray-dataset/images/0a7faa2a.jpg,pulmonary findings compatible with coronavirus disease
covid-chestxray-dataset/images/a2eba651.jpg,multifocal lung consolidations from coronavirus infection
covid-chestxray-dataset/images/81af553601a1bc1fdf81c99436a50b_jumbo.jpeg,chest radiograph with COVID-19 related pulmonary infiltrates
covid-chestxray-dataset/images/bd10d5e2.jpg,abnormal lung opacity typical of SARS-CoV-2 pneumonia
covid-chestxray-dataset/images/925446AE-B3C7-4C93-941B-AC4D2FE1F455.jpeg,multifocal lung consolidations from coronavirus infection
covid-chestxray-dataset/images/covid-19-pneumonia-43-day2.jpeg,bilateral ground-glass opacities consistent with viral pneumonia
covid-chestxray-dataset/images/DE488FE1-0C44-428B-B67A-09741C1214C0.jpeg,abnormal lung opacity typical of SARS-CoV-2 pneumonia
covid-chestxray-dataset/images/kjr-21-e24-g001-l-b.jpg,chest x-ray showing COVID-19 pneumonia
covid-chestxray-dataset/images/10.1016-slash-j.anl.2020.04.002-b.png,radiograph demonstrating COVID-19 lung involvement
covid-chestxray-dataset/images/AR-1.jpg,chest x-ray showing COVID-19 pneumonia
covid-chestxray-dataset/images/covid-19-pneumonia-progression-and-regression-day1.jpg,bilateral ground-glass opacities consistent with viral pneumonia
covid-chestxray-dataset/images/16865_1_2.jpg,radiograph demonstrating COVID-19 lung involvement
covid-chestxray-dataset/images/11547_2020_1203_Fig1_HTML-a.png,chest radiograph with COVID-19 related pulmonary infiltrates
covid-chestxray-dataset/images/8da14fff.jpg,radiograph demonstrating COVID-19 lung involvement
covid-chestxray-dataset/images/post-intubuation-pneumomediastium-and-pneumothorax-background-covid-19-pneumonia-day6-2.jpg,viral pneumonia pattern with peripheral distribution
covid-chestxray-dataset/images/80b5f00f.jpg,pulmonary findings compatible with coronavirus disease
covid-chestxray-dataset/images/covid-19-caso-85-1-9.png,multifocal lung consolidations from coronavirus infection
covid-chestxray-dataset/images/bfefde5d.jpg,radiograph demonstrating COVID-19 lung involvement
covid-chestxray-dataset/images/10.1016-slash-j.hrcr.2020.04.015-fig3-b.png,viral pneumonia pattern with peripheral distribution
covid-chestxray-dataset/images/10.1016-slash-j.chest.2020.04.024.png,abnormal lung opacity typical of SARS-CoV-2 pneumonia
covid-chestxray-dataset/images/01E392EE-69F9-4E33-BFCE-E5C968654078.jpeg,chest radiograph with COVID-19 related pulmonary infiltrates
covid-chestxray-dataset/images/16654_2_1.jpg,bilateral ground-glass opacities consistent with viral pneumonia
covid-chestxray-dataset/images/article_river_1a00a3c07ea311eab70491c6fb93d336-figure-2.png,chest x-ray showing COVID-19 pneumonia
covid-chestxray-dataset/images/1.CXRCTThoraximagesofCOVID-19fromSingapore.pdf-003-fig4b.png,chest radiograph with COVID-19 related pulmonary infiltrates
covid-chestxray-dataset/images/08ed451c576ee00935ee178ec85c57_jumbo-1.jpeg,abnormal lung opacity typical of SARS-CoV-2 pneumonia
covid-chestxray-dataset/images/1.CXRCTThoraximagesofCOVID-19fromSingapore.pdf-000-fig1b.png,chest radiograph with COVID-19 related pulmonary infiltrates
covid-chestxray-dataset/images/figure1-5e75d0940b71e1b702629659-98-right.jpeg,chest x-ray showing COVID-19 pneumonia
covid-chestxray-dataset/images/296_2020_4584_Fig2_HTML-a.png,pulmonary findings compatible with coronavirus disease
covid-chestxray-dataset/images/16660_4_1.jpg,chest x-ray showing COVID-19 pneumonia
covid-chestxray-dataset/images/16631_1_4.jpg,radiograph demonstrating COVID-19 lung involvement
covid-chestxray-dataset/images/16630_4_1.jpg,radiograph demonstrating COVID-19 lung involvement
covid-chestxray-dataset/images/ryct.2020003.fig2-a.png,bilateral ground-glass opacities consistent with viral pneumonia
covid-chestxray-dataset/images/071d06607edf81d70c940e043bce34_jumbo.jpeg,chest x-ray showing COVID-19 pneumonia
covid-chestxray-dataset/images/16630_5_1.jpg,chest x-ray showing COVID-19 pneumonia
covid-chestxray-dataset/images/5ed7d0109672bdd3d58a7db7841f6a_jumbo.jpeg,chest radiograph with COVID-19 related pulmonary infiltrates
covid-chestxray-dataset/images/a8ac1969.jpg,viral pneumonia pattern with peripheral distribution
covid-chestxray-dataset/images/7EF28E12-F628-4BEC-A8C5-E6277C2E4F60.png,multifocal lung consolidations from coronavirus infection
covid-chestxray-dataset/images/covid-19-rapidly-progressive-acute-respiratory-distress-syndrome-ards-admission.jpg,chest radiograph with COVID-19 related pulmonary infiltrates
covid-chestxray-dataset/images/16745_2_3.PNG,chest x-ray showing COVID-19 pneumonia
covid-chestxray-dataset/images/ansu-publish-ahead-of-print-10.1097.sla.0000000000003955-g001-c.png,abnormal lung opacity typical of SARS-CoV-2 pneumonia
covid-chestxray-dataset/images/1-s2.0-S1684118220300372-gr1_lrg-a.png,viral pneumonia pattern with peripheral distribution
covid-chestxray-dataset/images/ryct.2020200034.fig5-day4.jpeg,abnormal lung opacity typical of SARS-CoV-2 pneumonia
covid-chestxray-dataset/images/covid-19-caso-70-2-APS.jpg,radiograph demonstrating COVID-19 lung involvement
covid-chestxray-dataset/images/48c4542c.jpg,multifocal lung consolidations from coronavirus infection
covid-chestxray-dataset/images/8FDE8DBA-CFBD-4B4C-B1A4-6F36A93B7E87.jpeg,viral pneumonia pattern with peripheral distribution
covid-chestxray-dataset/images/16673_2_1.jpg,viral pneumonia pattern with peripheral distribution
covid-chestxray-dataset/images/16689_2_4.png,pulmonary findings compatible with coronavirus disease
covid-chestxray-dataset/images/436a6348.jpg,pulmonary findings compatible with coronavirus disease
covid-chestxray-dataset/images/16747_3_1.jpg,pulmonary findings compatible with coronavirus disease
covid-chestxray-dataset/images/case_76_1-3.png,bilateral ground-glass opacities consistent with viral pneumonia
covid-chestxray-dataset/images/1141cc2b8b9cc394becce5d978b5a7_jumbo.jpeg,pulmonary findings compatible with coronavirus disease
covid-chestxray-dataset/images/a38e1877.jpg,chest radiograph with COVID-19 related pulmonary infiltrates
covid-chestxray-dataset/images/jkms-35-e79-g001-l-d.jpg,multifocal lung consolidations from coronavirus infection
covid-chestxray-dataset/images/86d19bba.jpg,abnormal lung opacity typical of SARS-CoV-2 pneumonia
covid-chestxray-dataset/images/ee2d1bf6.jpg,chest radiograph with COVID-19 related pulmonary infiltrates
covid-chestxray-dataset/images/extubation-4.jpg,multifocal lung consolidations from coronavirus infection
covid-chestxray-dataset/images/covid-19-pneumonia-14-L.png,chest radiograph with COVID-19 related pulmonary infiltrates
covid-chestxray-dataset/images/527321ee.jpg,chest x-ray showing COVID-19 pneumonia
covid-chestxray-dataset/images/covid-19-pneumonia-38-pa.jpg,multifocal lung consolidations from coronavirus infection
covid-chestxray-dataset/images/covid-19-pneumonia-8.jpg,chest radiograph with COVID-19 related pulmonary infiltrates
covid-chestxray-dataset/images/1880e301.jpg,radiograph demonstrating COVID-19 lung involvement
covid-chestxray-dataset/images/00870a9c.jpg,viral pneumonia pattern with peripheral distribution
covid-chestxray-dataset/images/1.CXRCTThoraximagesofCOVID-19fromSingapore.pdf-003-fig4a.png,chest radiograph with COVID-19 related pulmonary infiltrates
covid-chestxray-dataset/images/1F6343EE-AFEC-4B7D-97F5-62797EE18767.jpeg,viral pneumonia pattern with peripheral distribution
covid-chestxray-dataset/images/case_72_RX-TORACE1.jpg,abnormal lung opacity typical of SARS-CoV-2 pneumonia
covid-chestxray-dataset/images/BMJ-37-163-g1.jpg,radiograph demonstrating COVID-19 lung involvement
covid-chestxray-dataset/images/1d435a4b.jpg,viral pneumonia pattern with peripheral distribution
covid-chestxray-dataset/images/covid-19-pneumonia-53.jpg,bilateral ground-glass opacities consistent with viral pneumonia
covid-chestxray-dataset/images/1-s2.0-S0929664620300449-gr2_lrg-d.jpg,bilateral ground-glass opacities consistent with viral pneumonia
covid-chestxray-dataset/images/C6EA0BE5-B01E-4113-B194-18D956675E25.jpeg,abnormal lung opacity typical of SARS-CoV-2 pneumonia
covid-chestxray-dataset/images/covid-19-pneumonia-58-day-10.jpg,abnormal lung opacity typical of SARS-CoV-2 pneumonia
covid-chestxray-dataset/images/4e43e48d52c9e2d4c6c1fb9bc1544f_jumbo.jpeg,chest radiograph with COVID-19 related pulmonary infiltrates
covid-chestxray-dataset/images/covid-19-pneumonia-progression-and-regression-day11.jpg,multifocal lung consolidations from coronavirus infection
covid-chestxray-dataset/images/covid-19-pneumonia-34.png,chest x-ray showing COVID-19 pneumonia
covid-chestxray-dataset/images/9C34AF49-E589-44D5-92D3-168B3B04E4A6.jpeg,chest radiograph with COVID-19 related pulmonary infiltrates
covid-chestxray-dataset/images/1f8a4a54.jpg,abnormal lung opacity typical of SARS-CoV-2 pneumonia
covid-chestxray-dataset/images/jkms-35-e79-g001-l-c.jpg,abnormal lung opacity typical of SARS-CoV-2 pneumonia
covid-chestxray-dataset/images/ryct.2020200034.fig2.jpeg,chest radiograph with COVID-19 related pulmonary infiltrates
covid-chestxray-dataset/images/extubation-13.jpg,bilateral ground-glass opacities consistent with viral pneumonia
covid-chestxray-dataset/images/CD50BA96-6982-4C80-AE7B-5F67ACDBFA56.jpeg,chest radiograph with COVID-19 related pulmonary infiltrates
covid-chestxray-dataset/images/270_2020_2470_Fig1_HTML-b.png,chest radiograph with COVID-19 related pulmonary infiltrates
covid-chestxray-dataset/images/16689_1_2.png,chest x-ray showing COVID-19 pneumonia
covid-chestxray-dataset/images/12941_2020_358_Fig1_HTML.jpg,pulmonary findings compatible with coronavirus disease
covid-chestxray-dataset/images/covid-19-caso-85-4-6.png,pulmonary findings compatible with coronavirus disease
covid-chestxray-dataset/images/covid-19-pneumonia-progression-and-regression-day24.jpg,chest radiograph with COVID-19 related pulmonary infiltrates
covid-chestxray-dataset/images/1-s2.0-S2387020620301959-gr4_lrg-c.png,radiograph demonstrating COVID-19 lung involvement
covid-chestxray-dataset/images/6b3bdbc31f65230b8cdcc3cef5f8ba8a-40ac-0.jpg,radiograph demonstrating COVID-19 lung involvement
covid-chestxray-dataset/images/kjr-21-e24-g001-l-c.jpg,bilateral ground-glass opacities consistent with viral pneumonia
covid-chestxray-dataset/images/covid-19-pneumonia-49-day8.jpg,pulmonary findings compatible with coronavirus disease
covid-chestxray-dataset/images/16660_1_1.jpg,chest x-ray showing COVID-19 pneumonia
covid-chestxray-dataset/images/kjr-21-e24-g001-l-a.jpg,bilateral ground-glass opacities consistent with viral pneumonia
covid-chestxray-dataset/images/jkms-35-e79-g001-l-b.jpg,viral pneumonia pattern with peripheral distribution
covid-chestxray-dataset/images/16865_1_1.jpg,multifocal lung consolidations from coronavirus infection
covid-chestxray-dataset/images/16744_2_3.jpg,radiograph demonstrating COVID-19 lung involvement
covid-chestxray-dataset/images/f44373474437c99b2740062c914438_jumbo.jpeg,multifocal lung consolidations from coronavirus infection
covid-chestxray-dataset/images/nejmc2001573_f1b.jpeg,multifocal lung consolidations from coronavirus infection
covid-chestxray-dataset/images/41591_2020_819_Fig1_HTML.webp-day10.png,abnormal lung opacity typical of SARS-CoV-2 pneumonia
covid-chestxray-dataset/images/191F3B3A-2879-4EF3-BE56-EE0D2B5AAEE3.jpeg,chest radiograph with COVID-19 related pulmonary infiltrates
covid-chestxray-dataset/images/covid-19-pneumonia-58-day-7.jpg,multifocal lung consolidations from coronavirus infection
covid-chestxray-dataset/images/11547_2020_1203_Fig2_HTML-d.png,multifocal lung consolidations from coronavirus infection
covid-chestxray-dataset/images/ac4f6e4e.jpg,chest radiograph with COVID-19 related pulmonary infiltrates
covid-chestxray-dataset/images/4d98e1de.jpg,chest radiograph with COVID-19 related pulmonary infiltrates
covid-chestxray-dataset/images/nejmoa2001191_f5-L.jpeg,radiograph demonstrating COVID-19 lung involvement
covid-chestxray-dataset/images/44C8E3D6-20DA-42E9-B33B-96FA6D6DE12F.jpeg,chest radiograph with COVID-19 related pulmonary infiltrates
covid-chestxray-dataset/images/2d8a60a26381b256a5a6373708950e_jumbo.jpeg,pulmonary findings compatible with coronavirus disease
covid-chestxray-dataset/images/11547_2020_1203_Fig2_HTML-b.png,bilateral ground-glass opacities consistent with viral pneumonia
covid-chestxray-dataset/images/auntminnie-d-2020_01_28_23_51_6665_2020_01_28_Vietnam_coronavirus.jpeg,chest radiograph with COVID-19 related pulmonary infiltrates
covid-chestxray-dataset/images/16751_3_1.jpg,bilateral ground-glass opacities consistent with viral pneumonia
covid-chestxray-dataset/images/10.1016-slash-j.cardfail.2020.04.007-a.png,pulmonary findings compatible with coronavirus disease
covid-chestxray-dataset/images/31BA3780-2323-493F-8AED-62081B9C383B.jpeg,multifocal lung consolidations from coronavirus infection
covid-chestxray-dataset/images/radiol.2020201160.fig3c.jpeg,chest radiograph with COVID-19 related pulmonary infiltrates
covid-chestxray-dataset/images/90070cbc.jpg,chest radiograph with COVID-19 related pulmonary infiltrates
covid-chestxray-dataset/images/3c48faa5dc2f1540fda696bae045ba_jumbo.jpeg,chest radiograph with COVID-19 related pulmonary infiltrates
covid-chestxray-dataset/images/4C4DEFD8-F55D-4588-AAD6-C59017F55966.jpeg,multifocal lung consolidations from coronavirus infection
covid-chestxray-dataset/images/447d65b38231a1031586b304bc5837_jumbo.jpeg,bilateral ground-glass opacities consistent with viral pneumonia
covid-chestxray-dataset/images/16630_2_1.jpg,chest radiograph with COVID-19 related pulmonary infiltrates
covid-chestxray-dataset/images/1-s2.0-S0929664620300449-gr2_lrg-b.jpg,bilateral ground-glass opacities consistent with viral pneumonia
covid-chestxray-dataset/images/b0f1684d1ee90dc09deef015e29dae_jumbo.jpeg,multifocal lung consolidations from coronavirus infection
covid-chestxray-dataset/images/covid-19-pneumonia-bilateral.jpg,chest x-ray showing COVID-19 pneumonia
covid-chestxray-dataset/images/16745_3_2.png,bilateral ground-glass opacities consistent with viral pneumonia
covid-chestxray-dataset/images/jkms-35-e79-g001-l-e.jpg,chest radiograph with COVID-19 related pulmonary infiltrates
covid-chestxray-dataset/images/lancet-case2b.jpg,bilateral ground-glass opacities consistent with viral pneumonia
covid-chestxray-dataset/images/covid-19-pneumonia-43-day0.jpeg,chest x-ray showing COVID-19 pneumonia
covid-chestxray-dataset/images/2C10A413-AABE-4807-8CCE-6A2025594067.jpeg,radiograph demonstrating COVID-19 lung involvement
covid-chestxray-dataset/images/7D2CF6CE-F529-4470-8356-D33FFAF98600.jpeg,abnormal lung opacity typical of SARS-CoV-2 pneumonia
covid-chestxray-dataset/images/16660_2_1.jpg,pulmonary findings compatible with coronavirus disease
covid-chestxray-dataset/images/covid-19-pneumonia-15-L.jpg,bilateral ground-glass opacities consistent with viral pneumonia
covid-chestxray-dataset/images/covid-19-pneumonia-24-day7.jpg,bilateral ground-glass opacities consistent with viral pneumonia
covid-chestxray-dataset/images/16674_1_1.jpg,radiograph demonstrating COVID-19 lung involvement
covid-chestxray-dataset/images/ansu-publish-ahead-of-print-10.1097.sla.0000000000003955-g001-d.png,bilateral ground-glass opacities consistent with viral pneumonia
covid-chestxray-dataset/images/post-intubuation-pneumomediastium-and-pneumothorax-background-covid-19-pneumonia-day1.jpg,bilateral ground-glass opacities consistent with viral pneumonia
covid-chestxray-dataset/images/10.1016-slash-j.cardfail.2020.04.007-b.png,pulmonary findings compatible with coronavirus disease
covid-chestxray-dataset/images/4cb2f877226f5e02b3064e1e52075f_jumbo.jpeg,bilateral ground-glass opacities consistent with viral pneumonia
covid-chestxray-dataset/images/radiol.2020201160.fig3a.jpeg,abnormal lung opacity typical of SARS-CoV-2 pneumonia
covid-chestxray-dataset/images/article_river_c79329e06dff11eab69c95940c7c0d00-CXR-D1-COVID19.png,chest x-ray showing COVID-19 pneumonia
covid-chestxray-dataset/images/85E52EB3-56E9-4D67-82DA-DEA247C82886.jpeg,viral pneumonia pattern with peripheral distribution
covid-chestxray-dataset/images/covid-19-pneumonia-progression-and-regression-day28.jpg,viral pneumonia pattern with peripheral distribution
covid-chestxray-dataset/images/A7E260CE-8A00-4C5F-A7F5-27336527A981.jpeg,multifocal lung consolidations from coronavirus infection
covid-chestxray-dataset/images/16751_2_2.jpg,chest x-ray showing COVID-19 pneumonia
covid-chestxray-dataset/images/1-s2.0-S2214250920300706-gr1_lrg.jpg,viral pneumonia pattern with peripheral distribution
covid-chestxray-dataset/images/radiol.2020201160.fig2d.jpeg,multifocal lung consolidations from coronavirus infection
covid-chestxray-dataset/images/1.CXRCTThoraximagesofCOVID-19fromSingapore.pdf-002-fig3a.png,viral pneumonia pattern with peripheral distribution
covid-chestxray-dataset/images/10.1016-slash-j.hrcr.2020.04.015-b.png,abnormal lung opacity typical of SARS-CoV-2 pneumonia
covid-chestxray-dataset/images/16745_4_3.png,chest x-ray showing COVID-19 pneumonia
covid-chestxray-dataset/images/11547_2020_1203_Fig2_HTML-a.png,chest radiograph with COVID-19 related pulmonary infiltrates
covid-chestxray-dataset/images/thnov10p5641g006-c.png,multifocal lung consolidations from coronavirus infection
covid-chestxray-dataset/images/1-s2.0-S1684118220300682-main.pdf-002-a2.png,chest x-ray showing COVID-19 pneumonia
covid-chestxray-dataset/images/1-s2.0-S1341321X20301124-gr3_lrg-e.png,radiograph demonstrating COVID-19 lung involvement
covid-chestxray-dataset/images/F4341CE7-73C9-45C6-99C8-8567A5484B63.jpeg,bilateral ground-glass opacities consistent with viral pneumonia
covid-chestxray-dataset/images/078d2e0b3e4fec1d603efb0e818c31_jumbo.jpeg,radiograph demonstrating COVID-19 lung involvement
covid-chestxray-dataset/images/aqaa062i0002-b.png,radiograph demonstrating COVID-19 lung involvement
covid-chestxray-dataset/images/kjr-21-e25-g001-l-a.jpg,viral pneumonia pattern with peripheral distribution
covid-chestxray-dataset/images/f6575117.jpg,chest x-ray showing COVID-19 pneumonia
covid-chestxray-dataset/images/d6494b39.jpg,radiograph demonstrating COVID-19 lung involvement
covid-chestxray-dataset/images/6770dac454c45c86bc6c2d6193b177_jumbo.jpeg,chest x-ray showing COVID-19 pneumonia
covid-chestxray-dataset/images/afaa068f1.png,chest radiograph with COVID-19 related pulmonary infiltrates
covid-chestxray-dataset/images/16745_7_4.png,viral pneumonia pattern with peripheral distribution
covid-chestxray-dataset/images/16745_4_2.png,multifocal lung consolidations from coronavirus infection
covid-chestxray-dataset/images/3b46de94.jpg,bilateral ground-glass opacities consistent with viral pneumonia
covid-chestxray-dataset/images/tpmd200203f2-a.png,chest x-ray showing COVID-19 pneumonia
covid-chestxray-dataset/images/5f619d7e.jpg,pulmonary findings compatible with coronavirus disease
covid-chestxray-dataset/images/covid-19-pneumonia-15-PA.jpg,pulmonary findings compatible with coronavirus disease
covid-chestxray-dataset/images/covid-19-pneumonia-rapidly-progressive-12-hours.jpg,abnormal lung opacity typical of SARS-CoV-2 pneumonia
covid-chestxray-dataset/images/67d668e570c242404ba82c7cbe2ca8f2-05be-0.jpg,viral pneumonia pattern with peripheral distribution
covid-chestxray-dataset/images/10.1016-slash-j.jhin.2020.03.036.png,chest radiograph with COVID-19 related pulmonary infiltrates
covid-chestxray-dataset/images/F2DE909F-E19C-4900-92F5-8F435B031AC6.jpeg,bilateral ground-glass opacities consistent with viral pneumonia
covid-chestxray-dataset/images/171CB377-62FF-4B76-906C-F3787A01CB2E.jpeg,pulmonary findings compatible with coronavirus disease
covid-chestxray-dataset/images/16630_2_2.jpg,multifocal lung consolidations from coronavirus infection
covid-chestxray-dataset/images/16745_7_5.PNG,chest radiograph with COVID-19 related pulmonary infiltrates
covid-chestxray-dataset/images/extubation-8.jpg,viral pneumonia pattern with peripheral distribution
covid-chestxray-dataset/images/1-s2.0-S0196070920301691-gr3_lrg.jpg,viral pneumonia pattern with peripheral distribution
covid-chestxray-dataset/images/16745_2_2.PNG,radiograph demonstrating COVID-19 lung involvement
covid-chestxray-dataset/images/1.CXRCTThoraximagesofCOVID-19fromSingapore.pdf-001-fig2a.png,chest radiograph with COVID-19 related pulmonary infiltrates
covid-chestxray-dataset/images/16708_1_1.jpg,abnormal lung opacity typical of SARS-CoV-2 pneumonia
covid-chestxray-dataset/images/aqaa062i0002-a.png,abnormal lung opacity typical of SARS-CoV-2 pneumonia
covid-chestxray-dataset/images/covid-19-pneumonia-2.jpg,radiograph demonstrating COVID-19 lung involvement
covid-chestxray-dataset/images/296_2020_4584_Fig2_HTML-c.png,pulmonary findings compatible with coronavirus disease
covid-chestxray-dataset/images/16745_6_3.png,chest x-ray showing COVID-19 pneumonia
covid-chestxray-dataset/images/radiol.2020201160.fig6b.jpeg,pulmonary findings compatible with coronavirus disease
covid-chestxray-dataset/images/ansu-publish-ahead-of-print-10.1097.sla.0000000000003955-g001-f.png,chest x-ray showing COVID-19 pneumonia
covid-chestxray-dataset/images/covid-19-infection-exclusive-gastrointestinal-symptoms-l.png,pulmonary findings compatible with coronavirus disease
covid-chestxray-dataset/images/1-s2.0-S2531043720300921-gr1.png,chest x-ray showing COVID-19 pneumonia
covid-chestxray-dataset/images/covid-19-pneumonia-28.png,pulmonary findings compatible with coronavirus disease
covid-chestxray-dataset/images/c828e894.jpg,radiograph demonstrating COVID-19 lung involvement
covid-chestxray-dataset/images/nejmoa2004500_f1-a.png,chest radiograph with COVID-19 related pulmonary infiltrates
covid-chestxray-dataset/images/figure1-5e73d7ae897e27ff066a30cb-98.jpeg,pulmonary findings compatible with coronavirus disease
covid-chestxray-dataset/images/1-s2.0-S1931312820301852-gr1_lrg-c.png,pulmonary findings compatible with coronavirus disease
covid-chestxray-dataset/images/kjr-21-e24-g002-l-b.jpg,multifocal lung consolidations from coronavirus infection
covid-chestxray-dataset/images/covid-19-rapidly-progressive-acute-respiratory-distress-syndrome-ards-day-2.jpg,abnormal lung opacity typical of SARS-CoV-2 pneumonia
covid-chestxray-dataset/images/16669_1_1.jpeg,chest radiograph with COVID-19 related pulmonary infiltrates
covid-chestxray-dataset/images/87d50e40.jpg,chest x-ray showing COVID-19 pneumonia
covid-chestxray-dataset/images/kjr-21-e24-g002-l-c.jpg,radiograph demonstrating COVID-19 lung involvement
covid-chestxray-dataset/images/ansu-publish-ahead-of-print-10.1097.sla.0000000000003955-g001-a.png,multifocal lung consolidations from coronavirus infection
covid-chestxray-dataset/images/16689_1_6.jpg,multifocal lung consolidations from coronavirus infection
covid-chestxray-dataset/images/11547_2020_1202_Fig1_HTML-a.png,bilateral ground-glass opacities consistent with viral pneumonia
covid-chestxray-dataset/images/353889E0-A1E8-4F9E-A0B8-F24F36BCFBFB.jpeg,viral pneumonia pattern with peripheral distribution
covid-chestxray-dataset/images/covid-19-pneumonia-40.jpg,chest x-ray showing COVID-19 pneumonia
covid-chestxray-dataset/images/radiol.2020200274.fig3d.png,bilateral ground-glass opacities consistent with viral pneumonia
covid-chestxray-dataset/images/16630_6_1.jpg,multifocal lung consolidations from coronavirus infection
covid-chestxray-dataset/images/yxppt-2020-02-19_00-51-27_287214-day10.jpg,viral pneumonia pattern with peripheral distribution
covid-chestxray-dataset/images/333932bd.jpg,chest radiograph with COVID-19 related pulmonary infiltrates
covid-chestxray-dataset/images/e1446fe8.jpg,viral pneumonia pattern with peripheral distribution
covid-chestxray-dataset/images/11547_2020_1202_Fig1_HTML-b.png,radiograph demonstrating COVID-19 lung involvement
covid-chestxray-dataset/images/4fcafe41.jpg,bilateral ground-glass opacities consistent with viral pneumonia
covid-chestxray-dataset/images/7867b1aa2d1241045c917f07a9e683_jumbo.jpeg,viral pneumonia pattern with peripheral distribution
covid-chestxray-dataset/images/2cd63b76.jpg,radiograph demonstrating COVID-19 lung involvement
covid-chestxray-dataset/images/figure1-5e71be566aa8714a04de3386-98-left.jpeg,bilateral ground-glass opacities consistent with viral pneumonia
covid-chestxray-dataset/images/3248cc61.jpg,abnormal lung opacity typical of SARS-CoV-2 pneumonia
covid-chestxray-dataset/images/covid-19-pneumonia-mild.JPG,chest radiograph with COVID-19 related pulmonary infiltrates
covid-chestxray-dataset/images/covid-19-caso-91-2-13.png,viral pneumonia pattern with peripheral distribution
covid-chestxray-dataset/images/covid-19-pneumonia-58-day-3.jpg,pulmonary findings compatible with coronavirus disease
covid-chestxray-dataset/images/2966893D-5DDF-4B68-9E2B-4979D5956C8E.jpeg,chest x-ray showing COVID-19 pneumonia
covid-chestxray-dataset/images/covid-19-caso-95-1-15.png,pulmonary findings compatible with coronavirus disease
covid-chestxray-dataset/images/10.1016-slash-j.hrcr.2020.04.015-a.png,chest radiograph with COVID-19 related pulmonary infiltrates
covid-chestxray-dataset/images/b39f5cf9.jpg,pulmonary findings compatible with coronavirus disease
covid-chestxray-dataset/images/tpmd200203f2-b.png,radiograph demonstrating COVID-19 lung involvement
covid-chestxray-dataset/images/9d36404d.jpg,viral pneumonia pattern with peripheral distribution
covid-chestxray-dataset/images/11547_2020_1203_Fig1_HTML-d.png,chest x-ray showing COVID-19 pneumonia
covid-chestxray-dataset/images/f8335316.jpg,abnormal lung opacity typical of SARS-CoV-2 pneumonia
covid-chestxray-dataset/images/16689_2_1.png,abnormal lung opacity typical of SARS-CoV-2 pneumonia
covid-chestxray-dataset/images/1-s2.0-S1931312820301852-gr1_lrg-a.png,chest radiograph with COVID-19 related pulmonary infiltrates
covid-chestxray-dataset/images/68_2020_1364_Fig1_HTML-b.png,multifocal lung consolidations from coronavirus infection
covid-chestxray-dataset/images/covid-19-caso-85-5-4.png,multifocal lung consolidations from coronavirus infection
covid-chestxray-dataset/images/5931B64A-7B97-485D-BE60-3F1EA76BC4F0.jpeg,chest x-ray showing COVID-19 pneumonia
covid-chestxray-dataset/images/covid-19-pneumonia-49-day4.jpg,radiograph demonstrating COVID-19 lung involvement
covid-chestxray-dataset/images/24035bda.jpg,bilateral ground-glass opacities consistent with viral pneumonia
covid-chestxray-dataset/images/68_2020_1364_Fig1_HTML-a.png,chest radiograph with COVID-19 related pulmonary infiltrates
covid-chestxray-dataset/images/11547_2020_1200_Fig2_HTML-b.png,chest x-ray showing COVID-19 pneumonia
covid-chestxray-dataset/images/16744_2_1.jpg,bilateral ground-glass opacities consistent with viral pneumonia
covid-chestxray-dataset/images/1.CXRCTThoraximagesofCOVID-19fromSingapore.pdf-001-fig2b.png,bilateral ground-glass opacities consistent with viral pneumonia
covid-chestxray-dataset/images/1-s2.0-S0735675720302746-gr1_lrg.jpg,pulmonary findings compatible with coronavirus disease
covid-chestxray-dataset/images/16654_1_1.png,multifocal lung consolidations from coronavirus infection
covid-chestxray-dataset/images/16745_6_2.png,multifocal lung consolidations from coronavirus infection
covid-chestxray-dataset/images/1663b242.jpg,abnormal lung opacity typical of SARS-CoV-2 pneumonia
covid-chestxray-dataset/images/53EC07C9-5CC6-4BE4-9B6F-D7B0D72AAA7E.jpeg,chest radiograph with COVID-19 related pulmonary infiltrates
covid-chestxray-dataset/images/16744_2_4.jpg,multifocal lung consolidations from coronavirus infection
covid-chestxray-dataset/images/a1a7d22e66f6570df523e0077c6a5a_jumbo.jpeg,multifocal lung consolidations from coronavirus infection
covid-chestxray-dataset/images/radiol.2020201160.fig3d.jpeg,bilateral ground-glass opacities consistent with viral pneumonia
covid-chestxray-dataset/images/11547_2020_1200_Fig2_HTML-a.png,multifocal lung consolidations from coronavirus infection
covid-chestxray-dataset/images/paving.jpg,bilateral ground-glass opacities consistent with viral pneumonia
covid-chestxray-dataset/images/16660_5_1.jpg,bilateral ground-glass opacities consistent with viral pneumonia
covid-chestxray-dataset/images/41591_2020_819_Fig1_HTML.webp-day5.png,bilateral ground-glass opacities consistent with viral pneumonia
covid-chestxray-dataset/images/03BF7561-A9BA-4C3C-B8A0-D3E585F73F3C.jpeg,multifocal lung consolidations from coronavirus infection
covid-chestxray-dataset/images/11547_2020_1200_Fig3_HTML-c.png,chest radiograph with COVID-19 related pulmonary infiltrates
covid-chestxray-dataset/images/covid-19-pneumonia-67.jpeg,chest x-ray showing COVID-19 pneumonia
covid-chestxray-dataset/images/41182_2020_203_Fig3_HTML.jpg,abnormal lung opacity typical of SARS-CoV-2 pneumonia
covid-chestxray-dataset/images/90986ce4.jpg,chest radiograph with COVID-19 related pulmonary infiltrates
covid-chestxray-dataset/images/f64132c8.jpg,viral pneumonia pattern with peripheral distribution
covid-chestxray-dataset/images/5A78BCA9-5B7A-440D-8A4E-AE7710EA6EAD.jpeg,abnormal lung opacity typical of SARS-CoV-2 pneumonia
covid-chestxray-dataset/images/16953_3_1.jpg,viral pneumonia pattern with peripheral distribution
covid-chestxray-dataset/images/16751_2_1.jpg,abnormal lung opacity typical of SARS-CoV-2 pneumonia
covid-chestxray-dataset/images/fedd6c94d5dbd12d88c81a1020a3e4_jumbo.jpeg,bilateral ground-glass opacities consistent with viral pneumonia
covid-chestxray-dataset/images/article_river_2a361d607ea311ea95dbcf0c95d13492-figure-4.png,bilateral ground-glass opacities consistent with viral pneumonia
covid-chestxray-dataset/images/gr1_lrg-b.jpg,bilateral ground-glass opacities consistent with viral pneumonia
covid-chestxray-dataset/images/1-s2.0-S1521661620303314-gr1_lrg-b.png,abnormal lung opacity typical of SARS-CoV-2 pneumonia
covid-chestxray-dataset/images/covid-19-caso-99-1-19.png,abnormal lung opacity typical of SARS-CoV-2 pneumonia
covid-chestxray-dataset/images/covid-19-pneumonia-30-L.jpg,pulmonary findings compatible with coronavirus disease
covid-chestxray-dataset/images/10.1016-slash-j.anl.2020.04.002-c.png,pulmonary findings compatible with coronavirus disease
covid-chestxray-dataset/images/39EE8E69-5801-48DE-B6E3-BE7D1BCF3092.jpeg,chest x-ray showing COVID-19 pneumonia
covid-chestxray-dataset/images/RX-torace-a-letto-del-paziente-in-unica-proiezione-AP-1-1.jpeg,pulmonary findings compatible with coronavirus disease
covid-chestxray-dataset/images/1B734A89-A1BF-49A8-A1D3-66FAFA4FAC5D.jpeg,abnormal lung opacity typical of SARS-CoV-2 pneumonia
covid-chestxray-dataset/images/16747_2_1.jpg,abnormal lung opacity typical of SARS-CoV-2 pneumonia
covid-chestxray-dataset/images/all14238-fig-0002-m-d.jpg,abnormal lung opacity typical of SARS-CoV-2 pneumonia
covid-chestxray-dataset/images/16664_2_1.jpg,radiograph demonstrating COVID-19 lung involvement
covid-chestxray-dataset/images/4ad30bc6-2da0-4f84-bc9b-62acabfd518a.annot.original.png,bilateral ground-glass opacities consistent with viral pneumonia
covid-chestxray-dataset/images/1-s2.0-S1341321X20301124-gr3_lrg-d.png,radiograph demonstrating COVID-19 lung involvement
covid-chestxray-dataset/images/covid-19-pneumonia-evolution-over-a-week-1-day0-PA.jpg,chest radiograph with COVID-19 related pulmonary infiltrates
covid-chestxray-dataset/images/nejmoa2001191_f3-PA.jpeg,chest radiograph with COVID-19 related pulmonary infiltrates
covid-chestxray-dataset/images/1-s2.0-S0929664620300449-gr3_lrg-d.jpg,chest x-ray showing COVID-19 pneumonia
covid-chestxray-dataset/images/1-s2.0-S0929664620300449-gr2_lrg-a.jpg,bilateral ground-glass opacities consistent with viral pneumonia
covid-chestxray-dataset/images/covid-19-caso-70-1-PA.jpg,chest radiograph with COVID-19 related pulmonary infiltrates
covid-chestxray-dataset/images/covid-19-rapidly-progressive-acute-respiratory-distress-syndrome-ards-day-1.jpg,chest radiograph with COVID-19 related pulmonary infiltrates
covid-chestxray-dataset/images/41379_2020_536_Fig2_HTML-c2.png,radiograph demonstrating COVID-19 lung involvement
covid-chestxray-dataset/images/270_2020_2470_Fig1_HTML-a.png,chest x-ray showing COVID-19 pneumonia
covid-chestxray-dataset/images/covid-19-pneumonia-58-day-9.jpg,chest radiograph with COVID-19 related pulmonary infiltrates
covid-chestxray-dataset/images/covid-19-caso-95-2-16.png,viral pneumonia pattern with peripheral distribution
covid-chestxray-dataset/images/kjr-21-e24-g002-l-a.jpg,multifocal lung consolidations from coronavirus infection
covid-chestxray-dataset/images/FC230FE2-1DDF-40EB-AA0D-21F950933289.jpeg,abnormal lung opacity typical of SARS-CoV-2 pneumonia
covid-chestxray-dataset/images/16669_3_1.jpeg,chest x-ray showing COVID-19 pneumonia
covid-chestxray-dataset/images/10.1016-slash-j.crad.2020.04.002-b.png,bilateral ground-glass opacities consistent with viral pneumonia
covid-chestxray-dataset/images/483f2ad8.jpg,bilateral ground-glass opacities consistent with viral pneumonia
covid-chestxray-dataset/images/1-s2.0-S2214250920300834-gr1_lrg-c.png,chest radiograph with COVID-19 related pulmonary infiltrates
covid-chestxray-dataset/images/post-intubuation-pneumomediastium-and-pneumothorax-background-covid-19-pneumonia-day7.jpg,radiograph demonstrating COVID-19 lung involvement
covid-chestxray-dataset/images/1-s2.0-S2387020620301959-gr4_lrg-b.png,radiograph demonstrating COVID-19 lung involvement
covid-chestxray-dataset/images/covid-19-pneumonia-14-PA.png,viral pneumonia pattern with peripheral distribution
covid-chestxray-dataset/images/14d81f378173b86cc53f21d2d67040_jumbo.jpeg,chest x-ray showing COVID-19 pneumonia
covid-chestxray-dataset/images/16953_5_1.jpg,radiograph demonstrating COVID-19 lung involvement
covid-chestxray-dataset/images/covid-19-pneumonia-20.jpg,pulmonary findings compatible with coronavirus disease
covid-chestxray-dataset/images/b9673e89.jpg,radiograph demonstrating COVID-19 lung involvement
covid-chestxray-dataset/images/16747_1_1.jpg,chest radiograph with COVID-19 related pulmonary infiltrates
covid-chestxray-dataset/images/a361d7b7.jpg,viral pneumonia pattern with peripheral distribution
covid-chestxray-dataset/images/865336ed.jpg,chest radiograph with COVID-19 related pulmonary infiltrates
covid-chestxray-dataset/images/67d668e570c242404ba82c7cbe2ca8f2-0015-0.jpg,bilateral ground-glass opacities consistent with viral pneumonia
covid-chestxray-dataset/images/covid-19-caso-82-1-8.png,radiograph demonstrating COVID-19 lung involvement
covid-chestxray-dataset/images/nejmc2001573_f1a.jpeg,chest radiograph with COVID-19 related pulmonary infiltrates
covid-chestxray-dataset/images/AR-2.jpg,pulmonary findings compatible with coronavirus disease
covid-chestxray-dataset/images/50e51fcefaa760d0757eeae6eb0858_jumbo.jpeg,bilateral ground-glass opacities consistent with viral pneumonia
covid-chestxray-dataset/images/kjr-21-e24-g004-l-a.jpg,radiograph demonstrating COVID-19 lung involvement
covid-chestxray-dataset/images/16663_1_1.jpg,viral pneumonia pattern with peripheral distribution
covid-chestxray-dataset/images/e73d6e89fcd781b8afd159cf533358_jumbo-1.jpeg,bilateral ground-glass opacities consistent with viral pneumonia
covid-chestxray-dataset/images/covid-19-pneumonia-35-1.jpg,chest x-ray showing COVID-19 pneumonia
covid-chestxray-dataset/images/covid-19-caso-95-3-14.png,viral pneumonia pattern with peripheral distribution
covid-chestxray-dataset/images/covid-19-caso-70-1-L.jpg,pulmonary findings compatible with coronavirus disease
covid-chestxray-dataset/images/kjr-21-e24-g003-l-a.jpg,bilateral ground-glass opacities consistent with viral pneumonia
covid-chestxray-dataset/images/16689_1_5.png,viral pneumonia pattern with peripheral distribution
covid-chestxray-dataset/images/covid-19-pneumonia-41-day-0.jpg,abnormal lung opacity typical of SARS-CoV-2 pneumonia
covid-chestxray-dataset/images/1312A392-67A3-4EBF-9319-810CF6DA5EF6.jpeg,chest radiograph with COVID-19 related pulmonary infiltrates
covid-chestxray-dataset/images/nejmoa2001017_f1-b.png,chest radiograph with COVID-19 related pulmonary infiltrates
covid-chestxray-dataset/images/7C69C012-7479-493F-8722-ABC29C60A2DD.jpeg,bilateral ground-glass opacities consistent with viral pneumonia
covid-chestxray-dataset/images/1-s2.0-S0929664620300449-gr3_lrg-a.jpg,viral pneumonia pattern with peripheral distribution
covid-chestxray-dataset/images/nejmoa2004500_f1-b.png,radiograph demonstrating COVID-19 lung involvement
covid-chestxray-dataset/images/16708_4_1.jpg,multifocal lung consolidations from coronavirus infection
covid-chestxray-dataset/images/53c9be49.jpg,abnormal lung opacity typical of SARS-CoV-2 pneumonia
covid-chestxray-dataset/images/ryct.2020003.fig2-b.png,chest x-ray showing COVID-19 pneumonia
covid-chestxray-dataset/images/6b44464d-73a7-4cf3-bbb6-ffe7168300e3.annot.original.jpeg,bilateral ground-glass opacities consistent with viral pneumonia
covid-chestxray-dataset/images/radiol.2020200490.fig3.jpeg,viral pneumonia pattern with peripheral distribution
covid-chestxray-dataset/images/1-s2.0-S2387020620301959-gr4_lrg-a.png,chest radiograph with COVID-19 related pulmonary infiltrates
covid-chestxray-dataset/images/16660_3_1.jpg,multifocal lung consolidations from coronavirus infection
covid-chestxray-dataset/images/extubation-1.jpg,abnormal lung opacity typical of SARS-CoV-2 pneumonia
covid-chestxray-dataset/images/d7f2ee0f.jpg,viral pneumonia pattern with peripheral distribution
covid-chestxray-dataset/images/16751_3_2.jpg,radiograph demonstrating COVID-19 lung involvement
covid-chestxray-dataset/images/11547_2020_1200_Fig3_HTML-a.png,pulmonary findings compatible with coronavirus disease
covid-chestxray-dataset/images/covid-19-pneumonia-evolution-over-a-week-1-day4.jpg,viral pneumonia pattern with peripheral distribution
covid-chestxray-dataset/images/f6d980a0.jpg,chest radiograph with COVID-19 related pulmonary infiltrates
covid-chestxray-dataset/images/16755_3_1.jpg,multifocal lung consolidations from coronavirus infection
covid-chestxray-dataset/images/covid-19-pneumonia-rapidly-progressive-admission.jpg,multifocal lung consolidations from coronavirus infection
covid-chestxray-dataset/images/396A81A5-982C-44E9-A57E-9B1DC34E2C08.jpeg,multifocal lung consolidations from coronavirus infection
covid-chestxray-dataset/images/58cb9263f16e94305c730685358e4e_jumbo.jpeg,multifocal lung consolidations from coronavirus infection
covid-chestxray-dataset/images/2B8649B2-00C4-4233-85D5-1CE240CF233B.jpeg,chest radiograph with COVID-19 related pulmonary infiltrates
covid-chestxray-dataset/images/882fd7ec99b523aead995d78f3129f_jumbo.jpeg,abnormal lung opacity typical of SARS-CoV-2 pneumonia
covid-chestxray-dataset/images/1-s2.0-S0140673620303706-fx1_lrg.jpg,radiograph demonstrating COVID-19 lung involvement
covid-chestxray-dataset/images/b343e657.jpg,chest radiograph with COVID-19 related pulmonary infiltrates
covid-chestxray-dataset/images/19abe1f3.jpg,abnormal lung opacity typical of SARS-CoV-2 pneumonia
covid-chestxray-dataset/images/7AF6C1AF-D249-4BD2-8C26-449304105D03.jpeg,radiograph demonstrating COVID-19 lung involvement
covid-chestxray-dataset/images/16745_4_1.png,bilateral ground-glass opacities consistent with viral pneumonia
covid-chestxray-dataset/images/nejmoa2001191_f4.jpeg,chest x-ray showing COVID-19 pneumonia
covid-chestxray-dataset/images/covid-19-pneumonia-24-day6.jpg,chest x-ray showing COVID-19 pneumonia
covid-chestxray-dataset/images/covid-19-pneumonia-7-L.jpg,abnormal lung opacity typical of SARS-CoV-2 pneumonia
covid-chestxray-dataset/images/db96a050.jpg,radiograph demonstrating COVID-19 lung involvement
covid-chestxray-dataset/images/fff49165-b22d-4bb4-b9d1-d5d62c52436c.annot.original.png,chest radiograph with COVID-19 related pulmonary infiltrates
covid-chestxray-dataset/images/f46a9bfc7222e61e099a25ab9267da_jumbo.jpeg,bilateral ground-glass opacities consistent with viral pneumonia
covid-chestxray-dataset/images/covid-19-pneumonia-41-day-2.jpg,pulmonary findings compatible with coronavirus disease
covid-chestxray-dataset/images/68_2020_1364_Fig1_HTML-c.png,chest x-ray showing COVID-19 pneumonia
covid-chestxray-dataset/images/covid-19-pneumonia-progression-and-regression-day20.jpg,abnormal lung opacity typical of SARS-CoV-2 pneumonia
covid-chestxray-dataset/images/66298CBF-6F10-42D5-A688-741F6AC84A76.jpeg,pulmonary findings compatible with coronavirus disease
covid-chestxray-dataset/images/0a6c60063b4bae4de001caaba306d1_jumbo.jpeg,viral pneumonia pattern with peripheral distribution
covid-chestxray-dataset/images/35b446ce.jpg,abnormal lung opacity typical of SARS-CoV-2 pneumonia
covid-chestxray-dataset/images/16691_1_1.jpg,chest radiograph with COVID-19 related pulmonary infiltrates
covid-chestxray-dataset/images/covid-19-pneumonia-22-day1-pa.png,pulmonary findings compatible with coronavirus disease
covid-chestxray-dataset/images/covid-19-pneumonia-38-l.jpg,radiograph demonstrating COVID-19 lung involvement
covid-chestxray-dataset/images/16689_2_2.png,multifocal lung consolidations from coronavirus infection
covid-chestxray-dataset/images/2eadbbb367a0366d8c34350d083a83_jumbo.jpeg,abnormal lung opacity typical of SARS-CoV-2 pneumonia
covid-chestxray-dataset/images/88de9d8c39e946abd495b37cd07d89e5-2ee6-0.jpg,abnormal lung opacity typical of SARS-CoV-2 pneumonia
covid-chestxray-dataset/images/16953_4_1.jpg,chest x-ray showing COVID-19 pneumonia
covid-chestxray-dataset/images/1-s2.0-S1341321X20301124-gr3_lrg-c.png,bilateral ground-glass opacities consistent with viral pneumonia
covid-chestxray-dataset/images/1-s2.0-S2214250920300706-gr5_lrg.jpg,multifocal lung consolidations from coronavirus infection
covid-chestxray-dataset/images/16858_3_1.png,pulmonary findings compatible with coronavirus disease
covid-chestxray-dataset/images/16745_5_1.png,viral pneumonia pattern with peripheral distribution
covid-chestxray-dataset/images/3dedeb92.jpg,chest x-ray showing COVID-19 pneumonia
covid-chestxray-dataset/images/16706_1_1.png,abnormal lung opacity typical of SARS-CoV-2 pneumonia
covid-chestxray-dataset/images/41182_2020_203_Fig4_HTML.jpg,radiograph demonstrating COVID-19 lung involvement
covid-chestxray-dataset/images/1-s2.0-S1521661620303314-gr1_lrg-a.png,chest radiograph with COVID-19 related pulmonary infiltrates
covid-chestxray-dataset/images/ryct.2020003.fig2-c.png,chest x-ray showing COVID-19 pneumonia
covid-chestxray-dataset/images/covid-19-pneumonia-evolution-over-a-week-1-day3.jpg,chest x-ray showing COVID-19 pneumonia
covid-chestxray-dataset/images/covid-19-pneumonia-12.jpg,bilateral ground-glass opacities consistent with viral pneumonia
covid-chestxray-dataset/images/covid-19-pneumonia-44-day-0.jpeg,abnormal lung opacity typical of SARS-CoV-2 pneumonia
covid-chestxray-dataset/images/5acb8ac5.jpg,abnormal lung opacity typical of SARS-CoV-2 pneumonia
covid-chestxray-dataset/images/radiol.2020201160.fig2a.jpeg,pulmonary findings compatible with coronavirus disease
covid-chestxray-dataset/images/1-s2.0-S1059131120301151-gr2-f.png,abnormal lung opacity typical of SARS-CoV-2 pneumonia
covid-chestxray-dataset/images/16745_7_2.png,viral pneumonia pattern with peripheral distribution
covid-chestxray-dataset/images/7-fatal-covid19.jpg,chest radiograph with COVID-19 related pulmonary infiltrates
covid-chestxray-dataset/images/1-s2.0-S1684118220300682-main.pdf-003-b2.png,abnormal lung opacity typical of SARS-CoV-2 pneumonia
covid-chestxray-dataset/images/E1724330-1866-4581-8CD8-CEC9B8AFEDDE.jpeg,viral pneumonia pattern with peripheral distribution
covid-chestxray-dataset/images/8fc103ca.jpg,abnormal lung opacity typical of SARS-CoV-2 pneumonia
covid-chestxray-dataset/images/auntminnie-b-2020_01_28_23_51_6665_2020_01_28_Vietnam_coronavirus.jpeg,chest x-ray showing COVID-19 pneumonia
covid-chestxray-dataset/images/c17cdd3972b233b97770bb57f7bba6_jumbo.jpeg,chest x-ray showing COVID-19 pneumonia
covid-chestxray-dataset/images/d680397c.jpg,viral pneumonia pattern with peripheral distribution
covid-chestxray-dataset/images/3ED3C0E1-4FE0-4238-8112-DDFF9E20B471.jpeg,bilateral ground-glass opacities consistent with viral pneumonia
covid-chestxray-dataset/images/11547_2020_1200_Fig3_HTML-b.png,radiograph demonstrating COVID-19 lung involvement
covid-chestxray-dataset/images/80446565-E090-4187-A031-9D3CEAA586C8.jpeg,pulmonary findings compatible with coronavirus disease
covid-chestxray-dataset/images/covid-19-pneumonia-20-l-on-admission.jpg,radiograph demonstrating COVID-19 lung involvement
covid-chestxray-dataset/images/1-s2.0-S0929664620300449-gr3_lrg-c.jpg,abnormal lung opacity typical of SARS-CoV-2 pneumonia
covid-chestxray-dataset/images/covid-19-caso-95-4-12.png,radiograph demonstrating COVID-19 lung involvement
covid-chestxray-dataset/images/11547_2020_1203_Fig1_HTML-c.png,pulmonary findings compatible with coronavirus disease
covid-chestxray-dataset/images/1-s2.0-S2214250920300706-gr2_lrg.jpg,bilateral ground-glass opacities consistent with viral pneumonia
covid-chestxray-dataset/images/887db78f.jpg,radiograph demonstrating COVID-19 lung involvement
covid-chestxray-dataset/images/ciaa199.pdf-001-b.png,pulmonary findings compatible with coronavirus disease
covid-chestxray-dataset/images/c0f74558.jpg,chest radiograph with COVID-19 related pulmonary infiltrates
covid-chestxray-dataset/images/bb0e626a.jpg,bilateral ground-glass opacities consistent with viral pneumonia
covid-chestxray-dataset/images/16664_1_1.jpg,bilateral ground-glass opacities consistent with viral pneumonia
covid-chestxray-dataset/images/nejmoa2001191_f3-L.jpeg,chest radiograph with COVID-19 related pulmonary infiltrates
covid-chestxray-dataset/images/16744_2_2.jpg,viral pneumonia pattern with peripheral distribution
covid-chestxray-dataset/images/21982772.jpg,radiograph demonstrating COVID-19 lung involvement
covid-chestxray-dataset/images/covid-19-pneumonia-101.png,multifocal lung consolidations from coronavirus infection
covid-chestxray-dataset/images/covid-19-pneumonia-23-day3.jpg,pulmonary findings compatible with coronavirus disease
covid-chestxray-dataset/images/16883_1_1.png,bilateral ground-glass opacities consistent with viral pneumonia
covid-chestxray-dataset/images/41182_2020_203_Fig5_HTML.jpg,pulmonary findings compatible with coronavirus disease
covid-chestxray-dataset/images/556e19b9d38e2199dfa8722ddff25f_jumbo.jpeg,chest x-ray showing COVID-19 pneumonia
covid-chestxray-dataset/images/covid-19-caso-94-1-14.png,chest radiograph with COVID-19 related pulmonary infiltrates
covid-chestxray-dataset/images/ajr.20.23034.pdf-001.png,viral pneumonia pattern with peripheral distribution
covid-chestxray-dataset/images/figure1-5e7c1b8d98c29ab001275405-98-later.jpeg,chest radiograph with COVID-19 related pulmonary infiltrates
covid-chestxray-dataset/images/gr2_lrg-c.png,viral pneumonia pattern with peripheral distribution
covid-chestxray-dataset/images/covid-19-caso-111-1-21.png,radiograph demonstrating COVID-19 lung involvement
covid-chestxray-dataset/images/21DDEBFD-7F16-4E3E-8F90-CB1B8EE82828.jpeg,abnormal lung opacity typical of SARS-CoV-2 pneumonia
covid-chestxray-dataset/images/gr2_lrg-b.png,chest x-ray showing COVID-19 pneumonia
covid-chestxray-dataset/images/88de9d8c39e946abd495b37cd07d89e5-6531-0.jpg,pulmonary findings compatible with coronavirus disease
covid-chestxray-dataset/images/ryct.2020200028.fig1a.jpeg,multifocal lung consolidations from coronavirus infection
covid-chestxray-dataset/images/16744_1_1.jpg,chest radiograph with COVID-19 related pulmonary infiltrates
covid-chestxray-dataset/images/1-s2.0-S2213716520301168-gr1_lrg-b.png,multifocal lung consolidations from coronavirus infection
covid-chestxray-dataset/images/covid-19-pneumonia-evolution-over-a-week-1-day0-L.jpg,bilateral ground-glass opacities consistent with viral pneumonia
covid-chestxray-dataset/images/covid-19-pneumonia-progression-and-regression-day6.jpg,bilateral ground-glass opacities consistent with viral pneumonia
covid-chestxray-dataset/images/radiol.2020201160.fig2b.jpeg,multifocal lung consolidations from coronavirus infection
covid-chestxray-dataset/images/1052b0fe.jpg,multifocal lung consolidations from coronavirus infection
covid-chestxray-dataset/images/296_2020_4584_Fig2_HTML-b.png,bilateral ground-glass opacities consistent with viral pneumonia
covid-chestxray-dataset/images/article_river_e4d185c06e3511eaa2321d8ab357a1de-c1mn.png,multifocal lung consolidations from coronavirus infection
covid-chestxray-dataset/images/262a70ca.jpg,viral pneumonia pattern with peripheral distribution
covid-chestxray-dataset/images/16745_7_1.png,abnormal lung opacity typical of SARS-CoV-2 pneumonia
covid-chestxray-dataset/images/B2D20576-00B7-4519-A415-72DE29C90C34.jpeg,chest radiograph with COVID-19 related pulmonary infiltrates
covid-chestxray-dataset/images/kjr-21-e24-g003-l-b.jpg,radiograph demonstrating COVID-19 lung involvement
covid-chestxray-dataset/images/08d780ae.jpg,viral pneumonia pattern with peripheral distribution
covid-chestxray-dataset/images/all14238-fig-0002-m-f.jpg,radiograph demonstrating COVID-19 lung involvement
covid-chestxray-dataset/images/1-s2.0-S2213716520301168-gr1_lrg-a.png,radiograph demonstrating COVID-19 lung involvement
covid-chestxray-dataset/images/61bc50d1.jpg,radiograph demonstrating COVID-19 lung involvement
covid-chestxray-dataset/images/covid-19-pneumonia-35-2.jpg,radiograph demonstrating COVID-19 lung involvement
covid-chestxray-dataset/images/1-s2.0-S0085253820303616-gr1_lrg-a.png,radiograph demonstrating COVID-19 lung involvement
covid-chestxray-dataset/images/254B82FC-817D-4E2F-AB6E-1351341F0E38.jpeg,chest x-ray showing COVID-19 pneumonia
covid-chestxray-dataset/images/ryct.2020200034.fig5-day7.jpeg,chest x-ray showing COVID-19 pneumonia
covid-chestxray-dataset/images/2C26F453-AF3B-4517-BB9E-802CF2179543.jpeg,viral pneumonia pattern with peripheral distribution
covid-chestxray-dataset/images/gr1_lrg-a.jpg,viral pneumonia pattern with peripheral distribution
covid-chestxray-dataset/images/case_71_figura1.png,chest x-ray showing COVID-19 pneumonia
covid-chestxray-dataset/images/10.1016-slash-j.anl.2020.04.002-a.png,pulmonary findings compatible with coronavirus disease
covid-chestxray-dataset/images/1-s2.0-S1684118220300682-main.pdf-002-a1.png,abnormal lung opacity typical of SARS-CoV-2 pneumonia
